date,y1,y2,y3
2019-01-01,-22.139028319910295,-25.037599786844822,-39.76123018172401
2019-01-02,-27.393853638509075,-29.21968991330147,-44.1475663073777
2019-01-03,-27.052907159211735,-30.364413672723725,-42.51705826791265
2019-01-04,-23.334840479720487,-29.765809259103555,-39.750297405394335
2019-01-05,-22.942431090584872,-27.850031423382113,-47.0140065417355
2019-01-06,-23.373765081225102,-26.70971597700906,-47.136688392911275
2019-01-07,-24.087213798422844,-28.40742679362217,-46.59185236699575
2019-01-08,-24.468333180185837,-28.211988505058493,-46.89175806679066
2019-01-09,-23.575365867944885,-29.600100513118594,-46.39207260453886
2019-01-10,-23.701110362979833,-32.3766858981093,-46.676865747441404
2019-01-11,-24.237244618290536,-30.993781003290316,-45.33199382980618
2019-01-12,-23.001157540183982,-30.25711829613053,-44.048462849905356
2019-01-13,-21.36008553378567,-30.225900746448307,-38.34285877906893
2019-01-14,-20.732339779249482,-29.00694552504656,-37.047248619506696
2019-01-15,-21.0892553649874,-28.29596664040338,-36.62315855846036
2019-01-16,-21.52923509959669,-29.08742779711643,-35.07783118416858
2019-01-17,-23.082168771818573,-29.98334532468246,-35.79709572776502
2019-01-18,-24.305768755094288,-29.001464104454133,-34.50285022131314
2019-01-19,-22.734894317780757,-27.122643730970346,-33.33066417560573
2019-01-20,-20.26004366878199,-28.364578091230094,-32.8535860404618
2019-01-21,-19.374589529382575,-29.28972018804792,-33.23752343769502
2019-01-22,-19.491900480616085,-31.102388852838132,-32.89386783538793
2019-01-23,-20.70734401013344,-32.573221077642025,-31.48834947805724
2019-01-24,-21.41345515349919,-31.756876133623123,-32.06474999708571
2019-01-25,-21.660506364887393,-32.035469839834064,-31.681028934943797
2019-01-26,-22.84268903233608,-33.06781510476071,-31.41580055099909
2019-01-27,-23.24589308001511,-30.532137168793916,-31.789623250905525
2019-01-28,-24.590523071360444,-29.022579890134242,-32.77831670242949
2019-01-29,-24.118783039612495,-30.932451699529217,-32.9915950028688
2019-01-30,-23.141103661982577,-32.759210229805625,-33.76849391290759
2019-01-31,-22.42788637718355,-34.16315500872153,-33.05248734433384
2019-02-01,-21.28021584175267,-32.88702312887623,-33.32951969027412
2019-02-02,-21.706151920856836,-33.365935922106594,-32.04989422291623
2019-02-03,-21.612058795600554,-33.61064338423177,-31.612166479320752
2019-02-04,-22.460907537702123,-34.07706787327024,-31.768568338186423
2019-02-05,-22.485160403765885,-38.11373140343842,-31.180583279089422
2019-02-06,-22.480974549333578,-37.58831852315113,-29.157704939965594
2019-02-07,-24.47668256664346,-37.97799945130361,-29.442481502204814
2019-02-08,-26.109018672734475,-38.502643844699854,-30.982758989575537
2019-02-09,-24.95612904079595,-38.16399976717647,-31.643251323053498
2019-02-10,-24.68678607532291,-36.617949920696965,-30.501006327193586
2019-02-11,-25.525719252077263,-36.43846127053265,-32.147804181359525
2019-02-12,-25.760639325870944,-35.81272447462204,-30.684334972500896
2019-02-13,-24.35328813281316,-34.12229171107839,-31.531218003952446
2019-02-14,-22.66888610437545,-33.408586504555856,-31.918208286825493
2019-02-15,-22.731760299902284,-31.69092035737204,-33.02305604697382
2019-02-16,-23.402983459971317,-30.793750391852846,-33.03797308191928
2019-02-17,-22.383959350214113,-30.13672028538022,-30.883485416412352
2019-02-18,-21.631395742839377,-32.32362384416699,-31.57039231803805
2019-02-19,-19.957430333380355,-33.22012026641287,-31.882936073203798
2019-02-20,-21.36445753893933,-33.18669204425057,-32.00058105413277
2019-02-21,-20.978354803780977,-34.91476761751336,-31.43659480295476
2019-02-22,-21.467553459535388,-33.04131756708274,-29.70240635081076
2019-02-23,-21.939426658917554,-32.40354196832385,-31.865596594028933
2019-02-24,-23.113336071636077,-32.8149169817116,-33.31288767242557
2019-02-25,-25.370079193464704,-33.87404245494106,-34.78457221166126
2019-02-26,-25.727033140920263,-36.368572774661246,-35.41639651536911
2019-02-27,-27.18608674321118,-36.46920621745163,-36.82602953226852
2019-02-28,-26.299300046505707,-36.288499231311135,-35.77743477467999
2019-03-01,-25.452028161494535,-34.32043985909757,-36.01329995554825
2019-03-02,-24.892728545447664,-34.05301982314498,-35.904216599142124
2019-03-03,-24.459559137683783,-34.624907376454615,-36.19107339631892
2019-03-04,-24.609046911852325,-34.18161776050827,-37.47633113518112
2019-03-05,-24.642385319091026,-33.637053564650465,-38.09689570782983
2019-03-06,-25.58588692664283,-33.33353684214265,-40.05372121128604
2019-03-07,-23.550290237036922,-33.33801637269492,-41.22983214696056
2019-03-08,-25.34141132261023,-33.24423998476388,-42.308416992048876
2019-03-09,-25.678588934040505,-34.67927226135228,-41.33874998087055
2019-03-10,-24.736644938911546,-35.01119334296065,-42.463258585304594
2019-03-11,-25.82845011010428,-35.78536541347613,-43.234818916485565
2019-03-12,-26.339529464571783,-33.92277035816605,-42.66654923509573
2019-03-13,-26.688552969803744,-30.47049959632733,-42.253547123804516
2019-03-14,-26.372594432224126,-29.982600376455057,-44.047815531052464
2019-03-15,-24.369810637547648,-28.405352131664696,-43.689310939214295
2019-03-16,-24.721051708935708,-27.570971159495613,-46.40852682811594
2019-03-17,-22.71644922598645,-27.748734329664288,-46.017452137358966
2019-03-18,-23.72396810946897,-29.634661692503517,-48.031974336834544
2019-03-19,-24.153777257298103,-29.652999372470145,-49.03371038569583
2019-03-20,-27.60270602731762,-29.950532680865784,-49.77303330582614
2019-03-21,-26.897855773804803,-31.720088541953608,-50.20984654012308
2019-03-22,-26.868030664250924,-32.302737784814106,-50.39841036082015
2019-03-23,-26.659697885120814,-32.394187303167264,-50.918463405007316
2019-03-24,-26.710104249912554,-29.927217888366982,-50.55863138815243
2019-03-25,-28.146164906066346,-32.056035825198045,-52.546645102847634
2019-03-26,-27.26078589845045,-31.000209092765918,-52.51604425038269
2019-03-27,-22.701889952203352,-30.58728098317928,-47.00859078896304
2019-03-28,-20.201244148340283,-30.7397468794167,-41.71835394481387
2019-03-29,-19.076945392904605,-29.47076462576517,-43.86138069721162
2019-03-30,-21.954831399830248,-28.277645258498058,-45.89497618475211
2019-03-31,-24.734614511080295,-30.81092697965841,-47.73409505007483
2019-04-01,-28.83917192565471,-33.16233721149501,-49.09048095821295
2019-04-02,-27.39462046079358,-34.03591502480746,-46.20260087979772
2019-04-03,-26.249433213805663,-34.767190620059395,-41.95141218836203
2019-04-04,-30.389788453090684,-36.90440270960393,-42.718968085891454
2019-04-05,-29.442862903003334,-37.45062472394626,-44.9716888253715
2019-04-06,-33.20289040225903,-38.58240497311271,-50.32794135003692
2019-04-07,-39.366498182410545,-41.66185050505933,-53.77349460047904
2019-04-08,-39.14519525218904,-43.517545543764136,-56.12172325181532
2019-04-09,-37.388375806376416,-45.386164165319286,-57.07527190224238
2019-04-10,-37.19249947246467,-46.873819158807244,-59.075554166717716
2019-04-11,-38.12929720978877,-47.58669486733073,-58.95356316677829
2019-04-12,-38.61664929100301,-48.034068323745906,-60.98081888634923
2019-04-13,-38.4442398326298,-50.41334749686662,-61.22344225121071
2019-04-14,-37.314017764323225,-52.95958336324205,-61.36858491886182
2019-04-15,-37.72195984052323,-52.84858235887979,-62.49145652695269
2019-04-16,-37.33320167602281,-53.5692463475763,-61.90821720732925
2019-04-17,-37.396481674827996,-54.35641081119623,-61.84840893817852
2019-04-18,-40.44458630456988,-55.97248247259081,-63.2794527594592
2019-04-19,-41.83366426676638,-56.70721630988415,-62.95838676651903
2019-04-20,-41.69652766462951,-54.91850157069346,-63.038816414560316
2019-04-21,-41.230460807312376,-55.56781895895281,-63.225850134870456
2019-04-22,-40.92179719572174,-55.466738977399324,-63.470258539817245
2019-04-23,-40.84046874079335,-55.52915166935977,-63.816930551268605
2019-04-24,-41.82717306822423,-58.20880578677067,-63.96213928393198
2019-04-25,-45.80620182490556,-60.85678956503985,-65.34307478328965
2019-04-26,-49.24635229029758,-62.548676521503914,-67.85022400865545
2019-04-27,-49.621180754053015,-63.56560586708859,-69.66110854345403
2019-04-28,-52.422545896847105,-65.21984160560193,-73.51476115957621
2019-04-29,-53.520882086511314,-68.66035043268369,-73.59012383751998
2019-04-30,-50.94599921852582,-69.81797363667816,-73.39333555956662
2019-05-01,-49.767776107664524,-69.92334915044489,-73.12117825937352
2019-05-02,-48.4697823163564,-70.70645839545598,-70.40770595154514
2019-05-03,-51.0473810969981,-72.31089048609003,-67.2548554261331
2019-05-04,-51.9098516324769,-74.41627984405748,-64.52527851209308
2019-05-05,-48.5504929201084,-75.2354995683388,-57.76205957686091
2019-05-06,-44.10990565589559,-73.20041640267246,-55.84395222880544
2019-05-07,-45.53460430910943,-73.31084210172511,-56.36245827841294
2019-05-08,-45.69333465451052,-72.50026798983016,-52.193173362108226
2019-05-09,-45.40162951702083,-72.15770654021856,-52.037759326004625
2019-05-10,-46.27662851963716,-70.99631992379348,-51.8402805956726
2019-05-11,-46.77354339572709,-70.88996619609887,-51.09901562286313
2019-05-12,-47.5108504102308,-71.5471162646494,-52.07851075031182
2019-05-13,-46.665330869639284,-73.26641669470357,-50.521917923653746
2019-05-14,-48.22063667724886,-76.96490139197793,-50.424812118609616
2019-05-15,-47.97394882478536,-77.81817472683328,-50.90959085824141
2019-05-16,-46.86350729390194,-80.47702453487949,-50.45316721364438
2019-05-17,-47.91563047893527,-79.68853153863938,-51.23884759283103
2019-05-18,-50.12622182387842,-78.1962701987513,-51.692161076540735
2019-05-19,-50.30339575419462,-79.5275545373844,-52.382571205162506
2019-05-20,-49.324210863192256,-80.16395691882418,-51.0515433556502
2019-05-21,-48.735282942339914,-76.76152202542654,-50.13801739503122
2019-05-22,-49.04368945743799,-74.83631459676695,-48.8746153021124
2019-05-23,-46.769361730123485,-75.03252272159911,-46.93384835719749
2019-05-24,-45.53590263604617,-74.16747398598794,-45.51110580965773
2019-05-25,-46.07294455714605,-74.52566688891302,-46.33996061693979
2019-05-26,-46.36884907805377,-72.19148306470355,-46.206307693376054
2019-05-27,-46.224148319814134,-72.90361603881034,-45.5137677059214
2019-05-28,-44.43221121782357,-69.90291320368101,-44.16307575513193
2019-05-29,-43.88579944118648,-68.0042031151185,-42.74601978994549
2019-05-30,-45.743734320120446,-70.95763964677973,-37.330146762657805
2019-05-31,-47.36737716141466,-72.02571765525657,-43.68291102750616
2019-06-01,-51.701283863420045,-74.69467048761464,-47.898435811511604
2019-06-02,-52.43142331114536,-74.53774037819775,-48.454108419139565
2019-06-03,-49.00909802128296,-73.95427285622695,-48.32494297028081
2019-06-04,-49.39842046602337,-75.16596008883837,-48.994555779094995
2019-06-05,-49.525114897405466,-75.99600448855726,-48.46926854026497
2019-06-06,-48.23678220865888,-76.28917656808014,-47.022078848477136
2019-06-07,-50.543642281173526,-77.77828090793898,-40.985945354740046
2019-06-08,-47.50603830568927,-77.31418171872976,-39.08145730411471
2019-06-09,-48.30651031778256,-77.65106523554931,-41.22916295079376
2019-06-10,-43.89098032841249,-75.55902702281364,-37.44443000638758
2019-06-11,-38.144832585312486,-72.82684480706727,-37.23440767828638
2019-06-12,-40.17741757383837,-71.68848333817215,-37.60594628476911
2019-06-13,-44.903387290620124,-73.06694512388971,-36.4437519110711
2019-06-14,-46.99101844084951,-73.96374915409596,-43.352567050903964
2019-06-15,-51.24189662374583,-75.87104871704777,-45.05063582926193
2019-06-16,-52.578740077614455,-78.76795154242295,-42.25120221013007
2019-06-17,-50.66204624949517,-78.8975183911128,-42.24828944083386
2019-06-18,-45.784108532733505,-76.01937328676804,-45.73288991596361
2019-06-19,-47.99554779428816,-76.4590606190978,-44.438604826844646
2019-06-20,-49.04996067002236,-76.41695564152548,-45.0419944985068
2019-06-21,-48.354037276264954,-76.47082080717533,-46.52058564808999
2019-06-22,-47.700142097891515,-75.07883011918095,-48.57434028731531
2019-06-23,-43.28677467555442,-71.86142176703547,-43.84434330968058
2019-06-24,-42.691121340769826,-71.68894875452116,-39.98754014210582
2019-06-25,-42.62972436162586,-70.79135239539329,-39.458762838415986
2019-06-26,-39.9454758986989,-68.48793577008156,-42.309062227333555
2019-06-27,-38.183709196349696,-65.59531509598895,-42.57244237366304
2019-06-28,-39.349695423550614,-64.71086059053209,-40.1179595824567
2019-06-29,-39.47515997243015,-65.80283065850035,-41.025128185557165
2019-06-30,-39.257107788889165,-67.28978379092716,-40.20393800969994
2019-07-01,-40.101865234004364,-65.23244237790165,-38.79328096326966
2019-07-02,-38.07718160994813,-63.78073056775993,-40.12686896199965
2019-07-03,-40.176741343176694,-63.33552733116811,-43.62146468609349
2019-07-04,-44.35604837222067,-64.84806118284074,-47.92254403294977
2019-07-05,-43.87196218840706,-65.91904729980898,-47.80828295880443
2019-07-06,-45.66373156137353,-65.92181567358583,-53.05625372071928
2019-07-07,-50.885619433933265,-68.19252703635637,-58.317166754565385
2019-07-08,-50.70855771853734,-69.70590093359546,-59.019369405611876
2019-07-09,-50.46219710661324,-70.43566460648806,-59.76033729041871
2019-07-10,-48.56418749364257,-70.66197918483813,-59.65856433985174
2019-07-11,-46.985679916123686,-70.52191158763442,-53.963368672896806
2019-07-12,-46.5842349817677,-71.59154481826633,-50.26087103544768
2019-07-13,-43.67119450385013,-70.09837222720013,-50.56300149964292
2019-07-14,-40.19757707328442,-69.01288248087704,-44.28837996095164
2019-07-15,-37.03529737168177,-67.97427963525969,-34.999064837628055
2019-07-16,-36.171166564979195,-66.30635173673605,-34.15956302233119
2019-07-17,-35.44995757154008,-65.19987933089142,-32.107176147318214
2019-07-18,-36.81276592908375,-64.93305472570538,-27.907749287104217
2019-07-19,-37.78053844603082,-64.04064491547747,-31.059592876743807
2019-07-20,-39.83824723990957,-64.25144590675731,-27.88489349084362
2019-07-21,-39.67487208629586,-64.94766056155048,-25.883950819256803
2019-07-22,-41.73376369303238,-66.86868314960954,-23.263628167006125
2019-07-23,-39.201605112328416,-67.0096683664915,-25.870207270234285
2019-07-24,-30.83963327002374,-63.04936284685168,-24.02908402712668
2019-07-25,-29.84903050193859,-62.030971406165804,-20.66177583444379
2019-07-26,-25.32057142150554,-58.845186682780756,-14.41999923759671
2019-07-27,-28.130399543256505,-57.37977506449411,-18.262480812166654
2019-07-28,-27.396468777250504,-54.423435426908675,-20.894188204626868
2019-07-29,-27.199510950381452,-53.724680684612416,-14.998478444406933
2019-07-30,-29.92977733046367,-53.765042357199384,-16.169234969839376
2019-07-31,-27.280099834915355,-53.49024170204181,-13.768340564544507
2019-08-01,-26.971980567866908,-52.99756479091312,-11.717917576656806
2019-08-02,-28.509485371309513,-53.644302160168024,-13.983960283566436
2019-08-03,-33.164642520399354,-55.7417344907993,-13.468580889671625
2019-08-04,-28.469773843296146,-52.72630475096993,-12.688423470569148
2019-08-05,-26.513683108961487,-52.206229243686806,-11.650801989182483
2019-08-06,-24.612002718727176,-50.71823611572683,-8.032608192236633
2019-08-07,-24.507945054197187,-50.65175781649133,-9.569912172094947
2019-08-08,-25.472775145697895,-49.46770014009683,-11.003111925916198
2019-08-09,-26.36443944458779,-49.06475629363219,-11.614135046087496
2019-08-10,-26.531715104737376,-48.08404171173165,-9.84775613844055
2019-08-11,-25.325551533455123,-47.636550409150786,-8.438741780462296
2019-08-12,-25.738439048776367,-49.602329262367824,-8.444668530310057
2019-08-13,-25.370235693452646,-50.104943103868926,-9.329864649497326
2019-08-14,-26.164010810251934,-50.02440616423604,-9.70708112273677
2019-08-15,-28.10580958576969,-50.1496642202514,-9.849495505995723
2019-08-16,-27.09467068701991,-49.136569673772215,-7.709501812890705
2019-08-17,-25.264110529167297,-48.22430635151613,-6.0273992523383875
2019-08-18,-28.2845158562688,-48.44070322559756,-6.9734570527851005
2019-08-19,-28.63393857137841,-49.40942160225923,-6.601963935207533
2019-08-20,-30.709226326166466,-51.80157936454992,-12.363565021832764
2019-08-21,-27.587007482519386,-51.40958729440644,-7.414325095865378
2019-08-22,-25.94031653562375,-52.20071601706565,-6.869430275675774
2019-08-23,-25.637642717997313,-51.557214838753595,-13.708129144853615
2019-08-24,-24.689313614573223,-50.03562631310567,-12.05509156043343
2019-08-25,-31.161808050349705,-51.46423653933193,-14.39912182028625
2019-08-26,-32.27599652984124,-51.66502715165776,-16.013685919139405
2019-08-27,-34.574822830634574,-53.75141923570547,-15.26882496718622
2019-08-28,-30.048026616058895,-53.65622282462112,-8.787916282497324
2019-08-29,-27.16444440052034,-52.90408750246142,-6.493438338201935
2019-08-30,-26.313677772716055,-52.392556933454614,-7.425588803951139
2019-08-31,-24.806958788675406,-51.12181275439205,-11.679573799946592
2019-09-01,-23.568339951991128,-49.509666825649575,-14.912218430942275
2019-09-02,-21.898848229887264,-47.74915109673803,-12.813604668998426
2019-09-03,-24.53793690772938,-48.25475444059023,-9.923865651388548
2019-09-04,-30.798969158555828,-50.98268527270166,-16.73223479064648
2019-09-05,-23.652718178853803,-48.98403345651141,-13.378119218532447
2019-09-06,-20.605528575938763,-47.24661574550119,-13.460239145918324
2019-09-07,-22.952962270787992,-46.425474780947766,-14.602198589159753
2019-09-08,-22.768618546179027,-47.250791452337886,-12.06070042401571
2019-09-09,-20.294888673846568,-45.85751506459482,-11.616362141282455
2019-09-10,-25.360350131624507,-46.80722771684946,-12.779657570084012
2019-09-11,-29.965713660709532,-48.44111915241349,-17.17090704852668
2019-09-12,-29.103021331850666,-48.271885545885254,-20.83183140897055
2019-09-13,-29.93882470638496,-49.78301826461325,-23.367973246623315
2019-09-14,-29.931077372418454,-50.00838220530339,-24.86512203141945
2019-09-15,-26.770958809640952,-49.54980548763063,-22.504111858288137
2019-09-16,-28.125716043294222,-48.89378564447436,-24.97822923148917
2019-09-17,-23.55949748733606,-46.455295915955915,-24.760115056118767
2019-09-18,-24.93424905352386,-44.10808909784001,-24.690775900710914
2019-09-19,-26.03450994772789,-43.324995082425126,-22.691986215772893
2019-09-20,-28.927307993860147,-43.585551227334264,-25.317382169882787
2019-09-21,-32.77251512877257,-43.98701558465635,-33.40295669796556
2019-09-22,-32.36383118907997,-45.19433726809301,-30.005409609853718
2019-09-23,-29.078264212186795,-45.576297492185795,-27.89831306081418
2019-09-24,-28.90271150290884,-46.236306116264885,-24.449127506905498
2019-09-25,-26.764174771452495,-46.41112193198313,-21.65074374302777
2019-09-26,-25.939129171570777,-44.18266954778213,-22.130742987711173
2019-09-27,-25.476111122345806,-43.62011380538178,-22.65963132240468
2019-09-28,-25.897633582325323,-45.34140728960662,-24.178193725937412
2019-09-29,-27.03827941880062,-47.942953893274826,-23.983362895444927
2019-09-30,-27.63495545390207,-47.165805414659786,-25.111774828330045
2019-10-01,-29.7177835911882,-47.92739884258397,-26.140255414325626
2019-10-02,-29.070923850043002,-47.340534872763456,-24.93731492981659
2019-10-03,-29.150784598690127,-48.08962484621335,-25.3471522006284
2019-10-04,-29.749725747594557,-48.40203274942389,-23.252898987182167
2019-10-05,-29.446019098367742,-48.04217237889431,-22.867660912217872
2019-10-06,-29.38955824229643,-48.02919873780153,-22.658518882530608
2019-10-07,-29.15983346382106,-48.78562989470158,-23.43335710048594
2019-10-08,-30.54060309040815,-49.42057827455571,-24.67473208286801
2019-10-09,-30.311813154875725,-49.239567576120564,-24.371814268926283
2019-10-10,-28.91313755059189,-48.09925869743593,-24.175600422219013
2019-10-11,-28.49861962912718,-50.34585041687131,-24.182994167491525
2019-10-12,-28.609444946646956,-50.662838687597265,-23.44263283880164
2019-10-13,-28.447708152165887,-52.44231257105449,-24.752272113622162
2019-10-14,-28.43608137534932,-51.01347184435955,-24.924574960207455
2019-10-15,-29.01044848045385,-48.91670723949468,-23.136132884893748
2019-10-16,-29.619291564168364,-48.65097839320139,-23.03036102118166
2019-10-17,-27.62244625063616,-46.760453125019446,-21.94776084673799
2019-10-18,-25.68668664217515,-47.40377819352322,-21.140241249150233
2019-10-19,-26.199057193179996,-47.25421881502917,-20.496585240492717
2019-10-20,-25.4249527919798,-47.38329768026184,-20.91280893779383
2019-10-21,-25.657396936050166,-44.87525337383138,-21.063790407759715
2019-10-22,-25.482190645861728,-43.80178881650612,-18.937527141573582
2019-10-23,-24.90192018136343,-43.72760935345666,-18.79779226516717
2019-10-24,-24.433596098502626,-43.49753066421051,-18.985078516865165
2019-10-25,-25.28942171313891,-43.641953311959455,-20.46820704565992
2019-10-26,-25.364692957581116,-44.74319302698987,-20.123604709268758
2019-10-27,-24.644250131522902,-43.61056023355842,-21.0761237617764
2019-10-28,-23.132672726927705,-41.242776221086416,-20.5016656439931
2019-10-29,-26.423255462150234,-42.33934346508926,-23.0515421453831
2019-10-30,-28.375280332234404,-43.06891563215444,-29.615097916017987
2019-10-31,-28.650778544838595,-45.20500662105688,-25.58137916831792
2019-11-01,-27.51806537945638,-46.80478875653692,-19.519936610174437
2019-11-02,-26.51983747223647,-45.5106609303122,-21.43122155888104
2019-11-03,-24.528961829482455,-43.185401310753775,-26.648186753254897
2019-11-04,-24.930898682635537,-42.23498181229721,-24.300346366397417
2019-11-05,-23.862733761709254,-40.628525867446825,-21.452046784954796
2019-11-06,-24.484940408007606,-40.775442033396494,-22.463177638832768
2019-11-07,-23.642221846607967,-39.33257400648439,-23.62687683869403
2019-11-08,-24.782631436716347,-40.362653019504634,-24.294778026727524
2019-11-09,-19.547751051802862,-40.171168109725414,-17.233907146590276
2019-11-10,-18.21696989249589,-38.22888691856318,-16.709927260793485
2019-11-11,-18.546893564546778,-37.42064175915719,-18.6443541250443
2019-11-12,-25.31438009006104,-39.97720161504977,-19.63022069796514
2019-11-13,-26.08705110780816,-40.85160002927753,-20.373902943938813
2019-11-14,-21.75489254552655,-40.30616054462522,-14.818289710228079
2019-11-15,-19.642343324899407,-40.81012859284967,-9.649497690531337
2019-11-16,-20.62009148184295,-40.74775004599676,-10.526721275896533
2019-11-17,-25.095248253671134,-41.54811413498366,-12.03189098412454
2019-11-18,-33.28680729045406,-44.05605638627996,-18.343869188801058
2019-11-19,-30.408288149159134,-43.21900956082376,-20.4494398810304
2019-11-20,-27.44147331699952,-43.24735842136219,-20.18417278520553
2019-11-21,-26.175187670279193,-42.46019397467916,-21.397056262818435
2019-11-22,-26.243886562766235,-42.89696528899611,-21.065929691636214
2019-11-23,-26.54443054982758,-41.86236969499615,-22.17017540568882
2019-11-24,-29.498378099733227,-41.99352408292031,-27.773591535391983
2019-11-25,-29.101550701637965,-43.80737332007235,-27.827413664229148
2019-11-26,-29.188559890889834,-47.29761206389733,-29.257671743070656
2019-11-27,-29.573882907936294,-46.334702280896266,-28.211301778885755
2019-11-28,-30.271514096411167,-46.56862954313513,-28.386102394640396
2019-11-29,-29.112856326815955,-47.14818421751766,-27.340189934294578
2019-11-30,-28.590718543336298,-44.7945636101632,-26.46663161431148
2019-12-01,-29.40009221845316,-47.316656948539745,-26.4076498309391
2019-12-02,-28.751244878832242,-49.1034300246449,-26.276033231386865
2019-12-03,-30.227982433806172,-48.91633301676316,-26.990614754153267
2019-12-04,-32.38160569880826,-48.61086562957116,-28.142508186236405
2019-12-05,-32.3392366032849,-48.30268136226042,-27.593895598170594
2019-12-06,-30.80449475410679,-47.629232343539435,-25.982063871644304
2019-12-07,-30.86449722078225,-47.80238798738949,-25.533487937374918
2019-12-08,-29.787357604755954,-48.060419802272456,-25.672343342584554
2019-12-09,-29.778978341764404,-48.47670280654171,-25.145721824491556
2019-12-10,-30.91780067717977,-47.80634589208247,-23.35350556777444
2019-12-11,-30.5870695720449,-47.33931749042834,-28.691303895972634
2019-12-12,-30.260177666813945,-48.96859804065145,-23.867545549517118
2019-12-13,-26.69073362331485,-47.74891125162127,-20.56654984666538
2019-12-14,-27.863605623067198,-46.936664125455216,-19.318951651070833
2019-12-15,-29.186043630529188,-46.73216892092516,-20.99642442457315
2019-12-16,-28.36046106796818,-46.09944853077372,-20.538105223879622
2019-12-17,-28.99387986803825,-47.559379881182124,-18.058531411395254
2019-12-18,-29.298381695429093,-49.2907485165831,-17.795496503216473
2019-12-19,-30.517152241090002,-50.051909504684915,-20.5063130110707
2019-12-20,-26.470843239216236,-48.83833579051474,-14.498962436687668
2019-12-21,-22.463155397463865,-45.84344354359803,-9.583643420341296
2019-12-22,-25.74845368344438,-46.60023005766362,-11.644100037635852
2019-12-23,-26.051019600164338,-46.937547145756646,-8.508492487225702
2019-12-24,-21.481685721325825,-45.58675257553482,-2.7772586170292355
2019-12-25,-16.946114096700484,-41.97476890512691,-8.641450458875074
2019-12-26,-22.841368520650242,-42.44717995678332,-11.265906880053322
2019-12-27,-24.400236701849114,-43.310950686048166,-3.8492583660348174
2019-12-28,-24.896935226838885,-42.291907831443275,-3.8753172214907012
2019-12-29,-26.497553372573297,-43.089499634280564,-3.432656035529685
2019-12-30,-23.94893458570239,-44.17577281373599,-3.1827137195643984
2019-12-31,-20.896506565308854,-46.447117552027876,-2.12667604766681
2020-01-01,-21.531568803762152,-46.3104334923303,-1.998081327604216
2020-01-02,-21.68318039643414,-43.6858412645135,-0.5766534086955839
2020-01-03,-23.558604600535112,-44.07925793784153,-2.373595190716597
2020-01-04,-22.585827042048404,-42.37162956977066,-2.9789372404619217
2020-01-05,-21.690479843980896,-43.82730625995473,-2.773493878602541
2020-01-06,-21.76711627864662,-40.699492409789585,-2.5624068767396286
2020-01-07,-20.45188450689779,-42.586829917082135,-1.6386185797771167
2020-01-08,-22.151167350289107,-42.92189613229995,-3.243145436993834
2020-01-09,-21.200824235079235,-42.62880991236458,-3.381169275060008
2020-01-10,-20.84011526202618,-41.562148689771945,-3.6736742280777923
2020-01-11,-20.623383826768883,-40.38910883480351,-3.8787059045002676
2020-01-12,-19.993988797545967,-40.007439755550834,-3.656190653582389
2020-01-13,-19.957646997417736,-38.35003913799271,-3.256027775414235
2020-01-14,-21.624579834588694,-38.64937156143262,-4.52538303453774
2020-01-15,-21.70490832429273,-38.340725943790005,-4.402614936115939
2020-01-16,-24.903455167417157,-39.923709726395835,-7.41983330261092
2020-01-17,-27.813418184537305,-43.08783535454678,-10.507737780677777
2020-01-18,-26.13717869754616,-42.07919348068399,-9.353077735498584
2020-01-19,-24.339503597722704,-41.07517418441763,-8.791561850642076
2020-01-20,-24.325413754510574,-39.1680137223737,-9.923706784098693
2020-01-21,-21.768564083392782,-38.0002153677545,-9.349137778320618
2020-01-22,-21.084995972190345,-37.4306763165224,-9.227989959107193
2020-01-23,-20.146730728785688,-38.470743099107025,-8.936581908680235
2020-01-24,-20.82584180997112,-37.17218304685468,-8.663957836426842
2020-01-25,-19.940666631802166,-38.34594232000701,-8.802573157682133
2020-01-26,-20.797072451624047,-39.861413231125574,-7.625857083385085
2020-01-27,-20.104083724941688,-41.09187183992178,-7.313323660956175
2020-01-28,-19.955658325214586,-40.58150834280849,-7.228847877528288
2020-01-29,-21.36406174907811,-41.16907741025304,-6.8602152535053715
2020-01-30,-20.953132638531127,-41.77077348365269,-5.812191640431359
2020-01-31,-20.294935789341366,-41.09202074777447,-5.534055616527031
2020-02-01,-21.137777895859838,-40.79093007140746,-6.013638645457644
2020-02-02,-21.390407851498292,-40.17527914131969,-4.549684238574594
2020-02-03,-20.669454117314867,-40.33250532934223,-4.020015581195576
2020-02-04,-21.28983625739347,-39.8755624898431,-4.1592095745766695
2020-02-05,-19.347241677259873,-39.95581145994157,-4.092305517884262
2020-02-06,-17.587689835908968,-40.02578014187294,-4.1309082801102335
2020-02-07,-19.28724373323574,-39.92610410072048,-5.751643169914566
2020-02-08,-20.834140160341583,-39.30007030895084,-7.633552298019149
2020-02-09,-21.272745181715038,-36.81406962717944,-6.902182509127308
2020-02-10,-19.474131055674043,-33.58578210100489,-6.442798009536691
2020-02-11,-17.67237095408942,-33.38738205036704,-6.457406998318764
2020-02-12,-18.39946713973964,-32.12330685419337,-6.844210314217306
2020-02-13,-18.036649737865453,-32.236833970990396,-6.443912183306662
2020-02-14,-17.49486725664776,-32.20000049804499,-5.787908031224456
2020-02-15,-17.16429993694374,-31.920001408933757,-5.276109702561497
2020-02-16,-17.279045263512234,-32.51520671623257,-6.989371058846314
2020-02-17,-19.541845355126906,-32.219444426469344,-9.751649595389626
2020-02-18,-16.351020602710186,-30.91911654258272,-12.335384975610825
2020-02-19,-18.20536728177964,-31.47567582350139,-13.648781171150068
2020-02-20,-13.95815018886417,-29.96601572823701,-8.593225330949114
2020-02-21,-8.578478541335716,-27.269990602167894,-6.45916802648456
2020-02-22,-12.807921838825473,-26.935266114016724,-6.975240133236682
2020-02-23,-14.130893402145578,-26.435486129568204,-8.870490974833395
2020-02-24,-11.162251955056956,-25.386646798203856,-6.428626675658139
2020-02-25,-14.479680847443392,-25.66814384818108,-11.618626936635533
2020-02-26,-16.822100399990113,-25.404938827428452,-14.466290486287505
2020-02-27,-12.799312485239009,-24.95351189512607,-14.385895484652348
2020-02-28,-10.600645054543165,-24.392149922612134,-8.537354575787809
2020-02-29,-10.712039498079559,-24.427997867175684,-3.893626276141978
2020-03-01,-13.074557693036589,-25.12343378870612,-5.5597295717842785
2020-03-02,-13.72053080464301,-24.28017288470557,-10.882256771709393
2020-03-03,-15.56383426985677,-23.90403038160542,-17.007314714568757
2020-03-04,-15.910136209907197,-23.930599731336226,-15.5586044307918
2020-03-05,-15.942235614005158,-24.78011594664554,-15.248944347988338
2020-03-06,-16.13389149789428,-25.915268734111212,-15.394614672906116
2020-03-07,-17.26053704095681,-27.21229333244991,-15.51791182066722
2020-03-08,-19.09897695669664,-27.932918656524635,-16.901215965098245
2020-03-09,-15.680739804402572,-25.91390059555771,-19.632984828896575
2020-03-10,-17.562728598588823,-25.175842533925103,-24.87744154677796
2020-03-11,-13.158536096270433,-23.697514175928397,-19.297062235469053
2020-03-12,-14.518299328070984,-23.453610498178254,-19.68136417452432
2020-03-13,-12.652952118824405,-21.786357097380442,-16.991340461044985
2020-03-14,-14.444738865189382,-23.579859718879717,-16.364112241210506
2020-03-15,-15.99185037293572,-23.461785602609886,-20.283524420965175
2020-03-16,-13.992231620324707,-23.98862512282198,-17.648592788237874
2020-03-17,-12.452323805796942,-22.304937670603955,-24.21121197135969
2020-03-18,-16.371285911194462,-24.489389673431145,-29.87513391136561
2020-03-19,-17.207713596070445,-25.28792351847939,-26.116131122440784
2020-03-20,-11.212560387362151,-21.84880454889937,-23.602400265971035
2020-03-21,-11.218592787491003,-20.837926316972126,-24.982539478374566
2020-03-22,-15.733703865634855,-21.483293704239493,-30.669679320654833
2020-03-23,-21.564719539591394,-22.761702272347158,-38.85051915540115
2020-03-24,-23.030078476557904,-23.95822165261417,-39.39204321220091
2020-03-25,-20.56089725478708,-24.569289978897775,-39.006377869186046
2020-03-26,-14.544064328421733,-22.982615355550767,-32.26961311009168
2020-03-27,-14.494682980640526,-22.601449693636297,-27.491621584654645
2020-03-28,-13.580045810024695,-21.118032339384595,-26.713105434364007
2020-03-29,-15.454384107982039,-21.622261539929408,-26.161327833040122
2020-03-30,-15.81126945064731,-21.02025537910428,-26.406858575523906
2020-03-31,-15.076673654125537,-19.436348730967506,-25.98311012303319
2020-04-01,-14.171742955899742,-20.398796684388756,-26.62197140768404
2020-04-02,-15.697881463464586,-19.77437436037222,-27.99169072876382
2020-04-03,-15.58110576904594,-18.298644382354063,-28.30505505681255
2020-04-04,-15.918278479143948,-17.006719498530813,-27.426611280415848
2020-04-05,-16.052030816974536,-16.87574664543837,-26.481616951233335
2020-04-06,-15.163252382116891,-16.893630514046897,-26.445562348391352
2020-04-07,-12.662865218253675,-16.62942611545265,-26.57126957381602
2020-04-08,-14.261779206024563,-16.555524907994908,-26.484879853246166
2020-04-09,-12.399704637709371,-16.914705026990948,-17.62219557704573
2020-04-10,-9.664807491432393,-17.01873682901614,-12.359165981970328
2020-04-11,-13.517636281965427,-19.325826822649965,-15.65282419109729
2020-04-12,-16.455777015091112,-21.29189238787961,-18.45782374690134
2020-04-13,-19.928935499357554,-24.642930126981565,-15.929010098934423
2020-04-14,-18.927389476697474,-27.236421961366627,-13.954038765863682
2020-04-15,-17.393210563514288,-28.115397537930345,-13.68031856279695
2020-04-16,-15.649242435498524,-27.982278736536266,-14.463670156834159
2020-04-17,-14.289613150468188,-26.791483019406503,-14.361960089583835
2020-04-18,-10.4036201840401,-23.84881307176473,-8.61619564620969
2020-04-19,-10.444989927381172,-23.801133021943965,-7.699605543457374
2020-04-20,-13.158534731423117,-23.718151546692972,-6.273413950063279
2020-04-21,-12.332443501129047,-22.81086154196443,-5.152292749861152
2020-04-22,-14.165358468057866,-24.466952278218468,-6.387553349431887
2020-04-23,-13.130948000908603,-24.746330451023784,-6.617849476322342
2020-04-24,-14.187690469944538,-23.096933966103762,-5.974524592622678
2020-04-25,-14.271220466174373,-23.104589809082075,-5.339706903463174
2020-04-26,-14.316385280334964,-20.838289606121318,-6.048956632944057
2020-04-27,-13.951758617020559,-21.7592553218224,-6.438999854570931
2020-04-28,-13.051241999897611,-23.998165857616176,-6.876104939665331
2020-04-29,-12.770424188697751,-25.6381865842102,-7.554310280123953
2020-04-30,-14.407536318295895,-25.98524266331485,-8.735099992221443
2020-05-01,-13.567132213907014,-26.919117374885015,-7.330129096594545
2020-05-02,-12.92538479691815,-27.58388950628089,-6.32703845513111
2020-05-03,-13.149886154528833,-28.049791266986745,-6.629571586956628
2020-05-04,-13.099640515389815,-28.73866367030108,-5.080286457344924
2020-05-05,-15.551735045231219,-29.715877344123484,-6.503294733435059
2020-05-06,-16.1316567987137,-29.74367523248105,-6.305728473962124
2020-05-07,-14.85530686070215,-27.17490713365558,-5.462408089823296
2020-05-08,-14.724961596036676,-26.995974348875357,-4.795902549443322
2020-05-09,-13.92627636181447,-24.22567446681551,-3.214962608122014
2020-05-10,-13.167714938354635,-25.399884805583536,-2.612004440756051
2020-05-11,-13.629593184614977,-25.340028746634356,-2.787925310312692
2020-05-12,-14.33617803294663,-26.883120721044,-3.480118373735264
2020-05-13,-15.510977968147227,-27.95189105887695,-3.3978833061883673
2020-05-14,-12.857382346055562,-28.527185133431775,-2.1511765086371817
2020-05-15,-14.095278831032338,-28.076384755398767,-2.058798107170703
2020-05-16,-14.092769928443978,-27.530246418397308,-0.5616597370131691
2020-05-17,-14.623407191955952,-27.819652595503584,-0.8481621727595094
2020-05-18,-15.114867558511762,-30.281751412565022,-1.7678946569996605
2020-05-19,-13.486505957820405,-30.107941084269928,-1.2946145103050584
2020-05-20,-12.774587799370277,-28.03189204072509,-1.7732927403735603
2020-05-21,-13.435423902554279,-25.64380463136009,-1.0085995742608929
2020-05-22,-12.570571603362277,-23.875709511001737,0.8910915199648082
2020-05-23,-14.031607299801847,-22.72022180051724,0.47347234198300836
2020-05-24,-12.946048890221288,-23.925010803663962,0.11210300519644201
2020-05-25,-12.836983382228764,-22.794567879818228,0.5861674058329142
2020-05-26,-12.149353842401851,-23.85032666200523,0.624380466833456
2020-05-27,-11.69192614078413,-24.163374671032756,-1.0888356967694703
2020-05-28,-10.449940090890019,-24.079154471015016,-0.6525931376109115
2020-05-29,-8.528286048954094,-23.171561622901056,-0.02047374699820459
2020-05-30,-7.023173791537106,-21.28935624587496,0.04938231623227747
2020-05-31,-8.446882235908237,-21.27272660387093,0.8362089432043383
2020-06-01,-9.287414825844614,-19.988608487822134,1.3192393803521627
2020-06-02,-7.791306161091638,-16.48218062962931,3.4984985854217645
2020-06-03,-4.901246266137723,-15.698191267654806,4.762196720965026
2020-06-04,-5.3272581118701625,-14.182939124151318,5.1894318031919715
2020-06-05,-4.145609139399033,-12.797478909518532,4.146251626223684
2020-06-06,-6.226706572242442,-13.541765935097336,3.731285171964923
2020-06-07,-7.0384942101068955,-14.421586790876685,3.776023462907959
2020-06-08,-6.732370336868556,-15.828529883277632,5.491813519395203
2020-06-09,-5.791009575236797,-14.495411301067124,1.0551681074849393
2020-06-10,-4.706970526832828,-13.03298162736998,4.569860799645906
2020-06-11,-4.3881141130394,-13.676330388780642,6.760467904764187
2020-06-12,-8.394839317413009,-14.839955306555872,3.8521303133169917
2020-06-13,-8.210019257474602,-15.229829791171188,1.4179580480783125
2020-06-14,-9.20085115368178,-16.56805847055803,1.438095444980802
2020-06-15,-9.41218078408607,-17.131168028570432,5.881583308644209
2020-06-16,-3.1673945081609256,-14.478976130415589,11.491951021918746
2020-06-17,0.8025147711558045,-14.388032817781717,22.42742024248633
2020-06-18,4.481807769220582,-12.363743318779111,27.047889906772163
2020-06-19,3.92101280755265,-10.953061389377568,29.674684706997773
2020-06-20,0.47279383886130466,-13.171213727184542,33.52319243572262
2020-06-21,-3.361696094015081,-14.235191970133535,28.169297708836602
2020-06-22,-3.95359573262468,-15.354386785137871,28.092560548215815
2020-06-23,-7.371885611985755,-18.342160524948625,28.270154145195214
2020-06-24,-7.460730208915047,-18.303013607460326,28.753523671742045
2020-06-25,-7.649869004424032,-21.125413346333453,25.79632265475852
2020-06-26,-7.4904078794381865,-21.389478832707702,25.225000847229857
2020-06-27,-7.551595604109233,-23.49662949544591,25.38810909984242
2020-06-28,-9.07549733274617,-23.789085336901056,26.055370846429803
2020-06-29,-8.890437552852479,-22.04630393324957,26.00594695021319
2020-06-30,-9.35025284895356,-22.586250352967834,24.111619406298793
2020-07-01,-8.868484281312154,-21.459881560867746,23.090201754261052
2020-07-02,-7.096080918871974,-22.383031785303764,22.901434836282366
2020-07-03,-7.972019805208686,-22.3165285366977,20.598599196311667
2020-07-04,-7.237815276314754,-20.20431139971343,20.692225301575895
2020-07-05,-6.808334955346508,-17.025493592514405,21.296641486246013
2020-07-06,-3.01662563212884,-15.131418297359573,25.215319851656236
2020-07-07,-4.24365368531568,-15.42216441091836,23.983831423808255
2020-07-08,-5.031623382958632,-16.263008072114527,20.584362893181932
2020-07-09,-6.220181946857133,-15.521246139979182,14.698363163626512
2020-07-10,-5.587898455426806,-13.097351391443866,15.276074454365556
2020-07-11,-4.833611580463871,-14.687558177085709,16.76680163923124
2020-07-12,-4.124987640627591,-11.82398079788052,15.769783371589464
2020-07-13,-6.7113157771461305,-11.946876136458053,9.991037620522565
2020-07-14,-7.492369246432718,-12.912646982983855,7.024144100013034
2020-07-15,-3.9874354914380947,-11.956856857385997,8.073306731024152
2020-07-16,-4.235083983813473,-12.471770672109354,8.645192502619947
2020-07-17,-4.240681255920196,-14.343725926745913,7.864760727619199
2020-07-18,-4.948852593296282,-15.188633239655049,8.217998532314317
2020-07-19,-4.688635664743033,-14.965613592045697,8.851449908115288
2020-07-20,-5.899847447909494,-16.504326181885343,8.576394439473805
2020-07-21,-8.723012827873028,-17.9517760969074,6.159754101635571
2020-07-22,-6.081902002337815,-16.72107241359969,4.837844851838971
2020-07-23,-6.777024647947313,-17.01142887062688,4.686467467618413
2020-07-24,-7.65584990893063,-17.77979387130864,6.753314885134985
2020-07-25,-9.115185596455081,-18.22125336881866,8.177890327573557
2020-07-26,-7.813754358186057,-18.927870980365014,9.92459402347984
2020-07-27,-4.85208460701291,-16.055728365981146,12.416541684833144
2020-07-28,-5.081802111380958,-16.911433693358923,13.662808786626575
2020-07-29,-4.1792623113021605,-18.17452660968765,16.983169821902393
2020-07-30,-1.6708862095991739,-17.57791136887623,18.2721891393979
2020-07-31,-0.7607970316082702,-15.449958349723557,20.94186357298581
2020-08-01,-1.6297403839574656,-16.315808345921585,20.851613555580247
2020-08-02,-1.012429144104165,-15.465648540045306,21.92010185202273
2020-08-03,-0.9960465056828511,-12.73712598652875,23.431220502278126
2020-08-04,-1.2481170231180003,-12.489665484299154,23.28115932130156
2020-08-05,-1.7033156432293601,-11.575114086954109,22.545906015859263
2020-08-06,-2.3477378699482245,-12.39097681617948,23.378830349315205
2020-08-07,-0.43967774692372985,-12.349534898557044,24.077253592618703
2020-08-08,0.21797038254980028,-12.032467878738814,23.982784340781137
2020-08-09,-0.8961989470247558,-14.796492963440397,23.19270308488
2020-08-10,-2.3822272409010896,-14.944519771028348,22.97087151174788
2020-08-11,-3.03072137436336,-14.296917594801183,23.129170231430184
2020-08-12,-3.548686452979249,-15.466004186140765,22.47842310484334
2020-08-13,-3.2243710781211314,-12.418853235521286,22.162059271725848
2020-08-14,-3.1045390158790873,-13.418782263140407,22.607664821314994
2020-08-15,-3.628157530567493,-13.423861670119088,21.952403125711907
2020-08-16,-3.0929956759315345,-13.257890013311844,19.92188564631703
2020-08-17,-1.8156526874621721,-14.664468183544093,25.62950127972203
2020-08-18,-1.0660049742318307,-15.25423072383098,27.21088797019684
2020-08-19,-0.30010497519611923,-13.741180167717857,25.064973505673713
2020-08-20,-1.687605784156812,-12.372001453709764,22.80293058880725
2020-08-21,-0.31897930247500783,-11.925902168364807,24.443924037726845
2020-08-22,-0.3076897150444553,-10.964932787155279,20.048938762339215
2020-08-23,-3.5239556033598225,-10.708240464763755,13.182698484239701
2020-08-24,-6.603317708039428,-12.5513644526969,13.163101334563775
2020-08-25,-1.94372698210812,-11.646741579025907,15.767515391969884
2020-08-26,-0.38506556764328215,-9.478286547394287,16.26205536387163
2020-08-27,-1.3179389641153776,-9.734727923426204,14.589202840870698
2020-08-28,-3.558577079014289,-9.436416121572467,13.850116619920918
2020-08-29,-4.196485147264989,-9.483892382138208,13.641766453674082
2020-08-30,-3.1854013928388967,-9.779305972322103,13.312895482749564
2020-08-31,-3.424541966104756,-7.845220985327031,13.974227349615958
2020-09-01,-1.1337956803044804,-7.125808456566672,14.96342762855858
2020-09-02,-1.1085206330917212,-4.627833344189263,16.48115857745129
2020-09-03,-2.5477847116209906,-5.138481389301024,14.525878198932944
2020-09-04,-2.244997226459879,-4.49991887408914,14.245494589217397
2020-09-05,-1.320554033817988,-6.015685010016058,14.344739477879557
2020-09-06,-0.4964094855212322,-5.728165869705754,13.597397837307863
2020-09-07,1.0860177951660657,-6.247980165288995,13.897280028163753
2020-09-08,-0.6250824155580814,-7.752806532397749,13.657715257518
2020-09-09,0.6079878993279166,-8.429658679951064,14.275591036554818
2020-09-10,-0.11854432373116786,-9.047299163486747,13.93633563549043
2020-09-11,-0.19933877667587835,-6.481798172076915,15.048303702598442
2020-09-12,-2.072715892208799,-6.230534174652302,14.545774579299914
2020-09-13,-2.6099542200792882,-8.06296456385304,13.90719645783332
2020-09-14,-1.5999483296800918,-8.133571101143376,14.398178768504108
2020-09-15,-0.30956820763801596,-7.368935432300603,16.170299774228024
2020-09-16,-3.6250550536059487,-10.513305442758924,19.95705881111429
2020-09-17,-2.7078263003014977,-12.288292855995099,20.379267061900613
2020-09-18,-2.8190906834555576,-12.214711774012612,19.77428616409099
2020-09-19,0.5819581465491139,-11.606195962370675,24.641092076541234
2020-09-20,1.1061911318207098,-10.722218733852891,28.578089215285427
2020-09-21,0.45211229778477835,-9.892916723248833,26.324051840804078
2020-09-22,0.2858690086976802,-9.223446934479336,25.799691411694106
2020-09-23,-0.4137868947185273,-9.39049236193735,23.086044115870695
2020-09-24,-0.3649363332108196,-8.867194283346223,20.73000720118361
2020-09-25,-0.3702764143260039,-11.49182221359693,20.1109797549747
2020-09-26,-0.04500097708499068,-10.666746971183134,19.597289275695122
2020-09-27,-1.020021561642156,-11.131524509209887,20.062369963644258
2020-09-28,-1.186619015499568,-10.910853451298184,18.90007681425814
2020-09-29,-0.7526307425699857,-10.41000286057374,19.943885348914865
2020-09-30,-2.966885420465999,-12.621312928561425,19.720897060407093
2020-10-01,-2.6937511076092413,-12.197521376282255,18.80718627259988
2020-10-02,-4.776069605588627,-14.259029279709168,20.528449774339787
2020-10-03,-10.907116157940173,-16.518509588251913,11.80175121115047
2020-10-04,-7.277230481632587,-14.490258302964516,10.485889735503411
2020-10-05,-5.857284588668956,-13.178634333961478,8.035695877637629
2020-10-06,-6.362054556605321,-13.699737470520867,7.147924150019204
2020-10-07,-3.8955323156854367,-13.468611499004103,7.743874183045972
2020-10-08,-2.2879740630930443,-11.68884644744489,10.619639180049916
2020-10-09,0.12846624893660286,-8.68157930568145,12.443515376585694
2020-10-10,2.4205066434776987,-5.210644267830534,13.422191626139865
2020-10-11,3.293246767933056,-4.469474874331734,14.026947633490758
2020-10-12,3.762445841544975,-4.772494327527802,20.668536869311506
2020-10-13,2.187797313415329,-3.6473433355492526,22.397624359496312
2020-10-14,2.0444925567391463,-2.129082112001359,24.454468714018482
2020-10-15,2.811405288127163,-2.7623808201492057,23.239606914194955
2020-10-16,4.170955947927915,-3.0055289570567183,23.793931669212284
2020-10-17,2.832784286110303,-2.29858081197378,23.35198501598811
2020-10-18,3.078996939427251,-2.1567774855751822,23.165827968844006
2020-10-19,1.7613580015458195,-3.16011695368861,21.444534656158076
2020-10-20,-0.5109597149001655,-4.295358269081575,19.353645476198437
2020-10-21,-1.0341106849489308,-4.339214396443116,17.731248202440494
2020-10-22,1.7564893584055674,-3.852920659622585,18.90679516528902
2020-10-23,2.745509846965642,-2.7889729600111597,18.608037857215717
2020-10-24,2.6367307989428737,-3.349483048442538,18.256626981951722
2020-10-25,0.9637795663570292,-6.088305587406248,16.274021613969822
2020-10-26,2.6756249285761937,-6.334540116529732,15.65338452002018
2020-10-27,2.1353481072702754,-7.431853524181381,18.73432702147714
2020-10-28,-1.8771392507544022,-10.17074043237052,16.451476135157755
2020-10-29,-0.6062894463599093,-10.27745298986586,21.974906550642416
2020-10-30,0.2154122478128202,-9.440888295039004,21.32457960593
2020-10-31,1.3930741746855284,-9.038888522976904,27.767606897761034
2020-11-01,4.141065904667352,-8.878792867258348,36.58232725665882
2020-11-02,4.9318380249252876,-8.705694713972946,36.75144992716264
2020-11-03,-0.11062706684748758,-12.250437765304367,38.4753368264908
2020-11-04,0.9231420535448538,-11.742663717887943,38.612571529671776
2020-11-05,-0.37891817155278984,-11.437448493049708,38.225271778756436
2020-11-06,-0.5019735489820338,-13.522938950409127,38.79178657647107
2020-11-07,0.5291148419582832,-13.001166595499031,38.813811507333604
2020-11-08,-0.17111379389345294,-11.53122966110745,39.000389169827194
2020-11-09,-1.2236376136508542,-11.432779454309426,40.33876153529989
2020-11-10,-0.9297569661701823,-12.912510740642356,39.929200278307704
2020-11-11,-1.0194067294053193,-15.830166081888823,40.11434307520973
2020-11-12,-2.3145174998600617,-17.05760214096542,39.67674049396434
2020-11-13,-2.014359522138634,-17.403339411106746,35.983439805074276
2020-11-14,-4.669166679947947,-18.05123060027761,30.63365965095247
2020-11-15,-1.7950520007392798,-17.937700489703055,36.2398421134454
2020-11-16,-2.8301199120503275,-18.47679252693902,34.2317797508698
2020-11-17,-2.296363233474506,-17.17127195662014,32.92587146729494
2020-11-18,-0.46619499240623963,-15.558386352482058,30.905623988380956
2020-11-19,-7.775281433142692,-18.129757271837814,25.147650861960308
2020-11-20,-9.29882064641452,-21.04789230655696,26.83010790133162
2020-11-21,-7.132777223680166,-22.043744546506947,28.56069254736725
2020-11-22,-6.725128294699127,-22.007052843060922,24.661568121980746
2020-11-23,-7.370554004212774,-22.590952313825937,24.181794974357153
2020-11-24,-8.254236597862654,-24.058199268361747,23.683244566307494
2020-11-25,-7.7098068199998195,-24.952890229403252,24.812446204759375
2020-11-26,-7.09613362154422,-23.33393507335783,25.573980177644966
2020-11-27,-5.352880586654651,-23.5492347471538,24.710646662777346
2020-11-28,-5.0452325047408895,-21.807413649895345,24.66426405759431
2020-11-29,-4.666503131384739,-20.316675821019427,25.74949892771347
2020-11-30,-4.435564484499926,-20.75093508790854,24.959314011753822
2020-12-01,-5.18903784636374,-21.1870376232109,24.45781890069728
2020-12-02,-5.087133299836139,-20.307740182911147,25.27934616491211
2020-12-03,-5.22351966597274,-20.17692842638256,23.98115097167117
2020-12-04,-5.009171177119452,-19.632026567763834,22.977244373551876
2020-12-05,-1.8001100464487587,-17.349271459464042,25.67690859695227
2020-12-06,-2.7880604098549426,-17.301364549088397,26.454489454476242
2020-12-07,-2.5045976763761275,-14.919946887063524,27.45820583888292
2020-12-08,-1.2210508190351599,-15.813392910173945,27.636364520167014
2020-12-09,-1.3719447502746,-15.87401822305306,28.906187713314917
2020-12-10,-2.42022007119407,-15.05676865512545,29.635858003647545
2020-12-11,-4.419503157437075,-15.37336363886817,27.70244570774605
2020-12-12,-3.8012112623449554,-15.076884769138848,26.721281728338795
2020-12-13,-3.7809404474679296,-17.685137146016025,25.232159146655437
2020-12-14,-2.918501397958958,-18.376968201418464,25.436474462422375
2020-12-15,-3.923329385906613,-19.72093286198066,23.917889455183353
2020-12-16,-7.626480496315476,-21.061288241350447,21.86789837503438
2020-12-17,-8.803310675573012,-20.94823368836423,20.382045449566615
2020-12-18,-8.543552453103459,-21.577412329609395,20.122218815341615
2020-12-19,-7.665830938816617,-20.20775351660228,21.11389873967961
2020-12-20,-7.792577168187295,-20.356233118472645,18.781251172999784
2020-12-21,-8.343793992863597,-21.023211625563974,20.51544441252745
2020-12-22,-3.767624795556885,-18.873478967955013,21.06635428753988
2020-12-23,-6.6120135954266335,-19.431086525541108,21.644240590403843
2020-12-24,-10.42574109655731,-19.88486008774747,9.975644728429081
2020-12-25,-8.27419864359181,-19.161588750780023,8.837368156666987
2020-12-26,-6.778492806860818,-17.743673281095983,6.087694008694066
2020-12-27,-6.699527341645114,-16.849380086096193,5.740630457428144
2020-12-28,-13.397811013740242,-19.76912810780436,0.22311239532140537
2020-12-29,-16.076317725671355,-21.7395986689254,1.2839413216152364
2020-12-30,-17.873553035058805,-23.00074880162972,-0.21862969561750556
2020-12-31,-15.847647385301858,-23.781965676819347,-6.86395614861616
2021-01-01,-14.953662272498907,-23.81619569759369,-8.422565287618593
2021-01-02,-17.841841563539127,-25.780554278294964,-13.76652351643757
2021-01-03,-15.482335169745973,-26.4220770177388,-10.604990845710494
2021-01-04,-14.550976023113176,-26.087574190076612,-7.4190312678550665
2021-01-05,-16.55006875592074,-27.41646218761009,-11.421041373256877
2021-01-06,-17.66738005073476,-27.817349406570774,-12.056365077518102
2021-01-07,-17.239637002263944,-27.732219865301587,-11.924066380942836
2021-01-08,-17.495274803194373,-28.453985358187857,-11.044401944330604
2021-01-09,-17.533906243562935,-29.94452918191991,-11.92043024902262
2021-01-10,-19.11506545157998,-30.546369922565557,-12.77119773411581
2021-01-11,-19.98848049116191,-31.22201551691601,-12.765205634431851
2021-01-12,-18.99982614034186,-31.490932114074397,-13.558028159094947
2021-01-13,-18.646587689146575,-31.326545380075686,-13.747339470861164
2021-01-14,-18.677782855197737,-30.978082203680803,-13.72763439200142
2021-01-15,-18.14183580132927,-28.558097346813533,-12.632337053931616
2021-01-16,-18.72415799320971,-27.520797427761064,-11.77291711831404
2021-01-17,-16.771705063007857,-24.19045355157577,-10.440943524739774
2021-01-18,-15.873751108729401,-22.859357988644213,-11.37457505198036
2021-01-19,-11.09062087508189,-19.93799509014341,-11.321781345513712
2021-01-20,-10.307388169606238,-20.207761164940035,-7.651627210973045
2021-01-21,-14.778271559145612,-22.233632733590277,-9.633613758793578
2021-01-22,-9.856201364394476,-21.58017559088332,-6.690671909681241
2021-01-23,-9.560750476048806,-20.015488263132383,-10.376420316752112
2021-01-24,-13.15198214110238,-21.144738574565324,-12.362746126718276
2021-01-25,-13.811841139977815,-21.218637047516218,-15.668481213308223
2021-01-26,-10.852065216662503,-19.652466566871574,-16.4544346510859
2021-01-27,-10.391087537579674,-18.776459350807105,-16.277112333622853
2021-01-28,-11.362664932315056,-17.482283948271988,-19.980580034028343
2021-01-29,-12.424990720857968,-18.821226970063258,-15.621986965069734
2021-01-30,-10.283452649130968,-16.944281928546037,-17.96642536070793
2021-01-31,-7.586794532127644,-14.210715168977188,-25.129561715710548
2021-02-01,-6.071549879993345,-11.94692149460474,-24.730176334406604
2021-02-02,-13.948536106819407,-13.027650214552528,-30.926195904476707
2021-02-03,-12.04233372539514,-13.202855143408648,-25.20694857969383
2021-02-04,-11.998673938511043,-13.40682630423742,-28.68043464889796
2021-02-05,-11.251273166311583,-12.022270372220737,-27.843130942194655
2021-02-06,-12.42533131159979,-12.091950371296281,-31.94038374426372
2021-02-07,-13.047695333569882,-12.602331500391193,-31.91777674123478
2021-02-08,-16.124607559790036,-13.458356146074943,-37.46813897159836
2021-02-09,-14.047284724674155,-13.259963262177969,-35.69071801036534
2021-02-10,-10.093287223059264,-13.094584723678159,-32.666741666080945
2021-02-11,-10.755159307169572,-12.869063034299197,-34.140427053822876
2021-02-12,-11.008233571223718,-14.0676256125585,-26.399339063957903
2021-02-13,-7.921528110542265,-12.584053792118834,-21.268739247111107
2021-02-14,-8.05418763466003,-11.958882467183509,-19.419474142297425
2021-02-15,-11.805076854453558,-12.317073937043354,-21.041932211604866
2021-02-16,-11.111547924901435,-13.193777987934986,-18.238151709024386
2021-02-17,-11.38984245443527,-13.746288913079335,-17.58841507511161
2021-02-18,-10.92213578928781,-15.071594367382662,-17.350950123231396
2021-02-19,-4.931815630580342,-11.225571798393677,-20.2090516676941
2021-02-20,-7.3365021968068005,-11.832237548433023,-20.606278671432666
2021-02-21,-9.252270605334799,-10.281613453468339,-25.75831967922376
2021-02-22,-11.106563285725583,-10.617345242608872,-25.809451455155564
2021-02-23,-13.495957957836648,-12.095418041506123,-26.444069570493873
2021-02-24,-12.933520659492544,-13.17254080333677,-24.160939091614814
2021-02-25,-10.464854946776065,-13.15761347772023,-25.83499438345011
2021-02-26,-7.5176551634223765,-10.348008587114421,-24.80408127235814
2021-02-27,-9.771806993281135,-10.146077605245909,-25.424472428556623
2021-02-28,-8.12675479371018,-9.204877344624135,-23.884661011476883
2021-03-01,-4.700975928439766,-6.5283130349345075,-25.832582052654065
2021-03-02,-2.1930342407927985,-2.624606012255912,-25.990776134390345
2021-03-03,-2.2694732408161324,-1.5131209096390807,-23.11305928645208
2021-03-04,-0.7114381970229953,-0.27293939398700173,-21.34512824986475
2021-03-05,-0.566113004624731,1.20472598969212,-16.76002274706053
2021-03-06,-0.8091538345134626,0.4271788670219422,-11.321614929084436
2021-03-07,3.5431110905288725,3.2342410807281894,-9.850673758157116
2021-03-08,2.9676265656044745,3.0840040877061625,-5.658512611727987
2021-03-09,-2.22901431917066,2.259711210486227,-10.433655080411889
2021-03-10,1.7021805984096225,3.1699063641583805,-1.8743458362643874
2021-03-11,4.0157293088586545,4.0137181066526875,4.535880176716406
2021-03-12,7.380001534979816,4.957649150552448,12.438603960587951
2021-03-13,1.6908915930469108,2.2867360332581708,13.118918165616835
2021-03-14,-3.2688514594866174,0.3384459139729934,8.656428948978293
2021-03-15,-6.573550408011934,-0.26004938527703536,-1.4690568409789169
2021-03-16,-7.079351286853663,-1.3554837483494706,-3.2787965425417656
2021-03-17,-4.4908711668411225,-1.5726728582108347,-1.0751425262493859
2021-03-18,-2.8797578562409076,-1.7435471276554009,-2.6597480595386513
2021-03-19,-2.0649970633394195,-2.3348646738217385,-1.0861266176845632
2021-03-20,-2.0780826883431494,-1.0915347922645815,-1.8745969908400304
2021-03-21,1.0514000410931845,-0.5526522608386502,1.401760521856394
2021-03-22,1.9994239506874192,-0.03520755136730991,2.027475195644471
2021-03-23,1.3366419611675442,1.853942397568861,-1.1086243488956526
2021-03-24,4.214762240919094,3.476091153934405,0.3087153751989824
2021-03-25,8.008658037133298,4.073104288522585,7.165119884842611
2021-03-26,4.408967924060892,3.9294418326442653,5.8253814321817075
2021-03-27,6.064783405414763,4.9644340287167115,6.008496591700715
2021-03-28,10.548004976965077,7.23047731870547,14.606472023319963
2021-03-29,11.490903228726973,7.776556337059711,17.40999021459968
2021-03-30,11.175403720612529,10.128241327904611,19.89429337779973
2021-03-31,11.284144373135394,12.181427609338112,21.465654129858276
2021-04-01,10.845545586377192,12.422426260125633,22.343110616822933
2021-04-02,9.756883921873852,10.874059000534805,20.46160642643592
2021-04-03,10.994918058701954,10.053239701512187,20.618902831351384
2021-04-04,9.330418389386285,7.922988444771096,19.22742030798909
2021-04-05,8.059776073591559,8.626295641470715,20.038385876922938
2021-04-06,9.667559859779885,7.670499801257051,21.046943141084302
2021-04-07,9.907398384495515,7.696485879853451,21.956286722540778
2021-04-08,12.023936725878706,9.330352252047525,22.960765001392925
2021-04-09,7.912435709287725,9.167771120989952,12.690293130616608
2021-04-10,6.32161196604692,9.816954360700455,8.84332749737096
2021-04-11,1.7047784478539745,6.583976772759769,8.011866862424887
2021-04-12,5.282235573783055,8.377092300640523,9.188244421415453
2021-04-13,10.083231868144665,11.855627574496069,4.70200328815563
2021-04-14,9.39477545125443,12.448737015553641,4.451514986248668
2021-04-15,7.160721191975705,12.670073981805336,4.8745276047392245
2021-04-16,5.731658156909762,13.036842815686391,4.483245517534957
2021-04-17,4.730325586056289,11.61764994489877,2.6214763493734954
2021-04-18,4.696326890049856,11.251018749238126,2.328038408734182
2021-04-19,4.254727954452417,12.196175154697128,0.9104410495264406
2021-04-20,4.030677494374111,13.132331191782542,1.3228457227780615
2021-04-21,3.8347188129713237,12.540599011283451,0.9560733511711602
2021-04-22,5.334762920410749,13.031227362638067,2.2876540699423678
2021-04-23,5.596118384179712,11.700639518858173,0.8969468808226511
2021-04-24,6.249123581919002,11.274538663571944,0.6238870899350237
2021-04-25,5.785156158883513,10.638567728529708,1.6891315889461673
2021-04-26,5.330157167257607,8.695507487579336,2.3991440368732326
2021-04-27,7.238919529430844,10.725887629981987,4.284627253517107
2021-04-28,1.2930259979343068,7.833158626876767,5.565446204164541
2021-04-29,1.152823163631864,6.4869449348246615,3.623005915200569
2021-04-30,3.090525301094177,4.377157034415101,11.4029958826824
2021-05-01,2.038835107118713,2.702705079483688,10.306151248455024
2021-05-02,2.1285308767807187,2.20618155251862,10.18526271021048
2021-05-03,5.645309219506066,2.6437607917617076,17.79075601105411
2021-05-04,4.4199360586544785,0.9805275113833234,17.99929797506704
2021-05-05,3.725206258086668,0.6942130956727975,21.732039673107586
2021-05-06,5.570537814942633,2.2461956543112778,21.6879043063669
2021-05-07,5.591213603364296,2.988695424793387,21.99231355526779
2021-05-08,6.669759833195398,4.29186102321139,22.689389518009378
2021-05-09,6.703933455985401,2.910116044176775,23.788562546220355
2021-05-10,6.730875201484833,5.9339784870904,23.07339815404172
2021-05-11,7.7530364911708105,5.562716792065582,22.31637145910224
2021-05-12,9.020496758902793,5.281285499627482,23.08916520207541
2021-05-13,6.258206444130401,5.313582824137455,21.50811114210002
2021-05-14,5.069877545219578,5.844396393475448,21.862181698839585
2021-05-15,11.085834184979696,6.763756019849067,29.05999197681547
2021-05-16,10.088294378751012,6.1295812008556725,25.75069122727848
2021-05-17,8.90492710630196,7.527703777273663,20.97123652325036
2021-05-18,3.2978825940485335,5.378167052286559,17.90724632543718
2021-05-19,0.903535092524165,4.041871432476556,13.71033154444046
2021-05-20,0.9294864677350028,2.9932076640798764,11.652487051238557
2021-05-21,1.4310664001914928,2.1321063577289086,13.792154596415655
2021-05-22,-0.06292724006447514,1.0382410817030057,12.26314092336956
2021-05-23,2.5720608819138135,1.6860083340790388,12.05261295659619
2021-05-24,4.4280208602522215,3.408810693246651,6.168035166625725
2021-05-25,7.124187942985157,6.01243945101501,6.20254511782148
2021-05-26,4.1781107676468885,5.313739165537932,7.308300389084715
2021-05-27,2.645467169016385,4.0719811499184075,7.663106719001359
2021-05-28,5.330692474435766,6.0785009868326565,9.554984842370589
2021-05-29,7.786662022673843,6.2248581254404325,11.27076342206955
2021-05-30,6.909770673808378,7.463668379704808,11.778210260086393
2021-05-31,6.6819360716242215,7.710626823083572,12.177623350794391
2021-06-01,4.056821018635153,6.3886773085764474,10.030765580380699
2021-06-02,4.4557507395722995,6.308928319023201,10.441914599020398
2021-06-03,5.0277740321250555,5.05296094364775,15.305861162435065
2021-06-04,4.9573558692888415,4.055925623788844,18.656346140475815
2021-06-05,6.40265574971959,4.804739330873778,17.586702159706675
2021-06-06,8.144542032666243,5.3057623716255975,17.465222083443138
2021-06-07,10.533885762819853,6.19108386554182,24.658030554019174
2021-06-08,9.894940085641627,4.424039538612099,24.89401383725629
2021-06-09,9.470777705735392,2.483136146389336,25.41258521865332
2021-06-10,8.180625655517112,1.8592507106107319,23.631155342699337
2021-06-11,7.616518269780856,2.8267677649426597,23.036981633311783
2021-06-12,6.812443060292432,2.756331119568459,23.72410964906941
2021-06-13,6.205541355419739,0.7144480665864337,22.934911659268376
2021-06-14,5.423807198627314,-1.183167987453211,22.183900633942315
2021-06-15,3.041193767945751,-1.927529419738601,22.352073125749758
2021-06-16,3.1310023501007826,-0.6031852075033761,22.706675614066008
2021-06-17,1.5105931127248102,-1.6256443882222134,21.27910593961612
2021-06-18,2.083370355861571,-3.646194672808891,28.626758724342388
2021-06-19,8.548071978061131,-2.5717182614780674,33.91720294875323
2021-06-20,8.002852296823201,-3.203949942422119,30.034938535965594
2021-06-21,9.586406341309393,-1.6394368868548908,30.45097859183215
2021-06-22,9.838100757636044,-1.9927880105605447,35.9470706689312
2021-06-23,7.512519364524525,-1.0869791235865576,33.01296282283769
2021-06-24,2.4590128641704077,-1.2776428475364303,24.854269210676364
2021-06-25,0.3619979393714443,-3.054368480010167,24.25591290951746
2021-06-26,-1.8024212967476205,-6.6778436016698945,23.838944343617964
2021-06-27,-2.0462763058935356,-7.386413716643272,23.17949779217459
2021-06-28,-1.9685818165231928,-9.188444566145483,21.471671522274686
2021-06-29,-4.170236916644128,-11.196302685494384,20.077935844643136
2021-06-30,-4.895579315064676,-10.863835515953587,20.369849335423257
2021-07-01,-2.167659129242613,-11.501620045032915,24.921112019138405
2021-07-02,-0.24570490711550774,-9.964968404255007,26.447070660428786
2021-07-03,0.5369378420629978,-9.654794304017463,26.61408236511602
2021-07-04,0.756128780152659,-8.957783027032232,26.624274038237587
2021-07-05,1.7263937021408555,-8.415286133531916,28.742610424196908
2021-07-06,3.5087248012004113,-7.095676339853856,29.932195007272764
2021-07-07,3.0015030868709998,-8.338069875542681,30.97613657332357
2021-07-08,2.9220719374475617,-6.336628162751062,32.3595908560517
2021-07-09,2.8047662488249308,-5.632351896346854,31.70811985694118
2021-07-10,1.0179043239362733,-6.693964137924648,30.526016859958634
2021-07-11,-0.5864587077447256,-7.60685893526829,30.693874067362383
2021-07-12,2.782856049507412,-7.002798687498616,32.66274247201085
2021-07-13,5.39034565162047,-6.9454823965977415,38.253263410954204
2021-07-14,5.22435459609477,-7.733094032407639,38.60855029289884
2021-07-15,4.6586969111722,-9.863745854732937,42.24338223547713
2021-07-16,5.565855562779376,-9.719569571792773,42.38752139763602
2021-07-17,5.101057151782522,-10.720049372514012,42.298938408245526
2021-07-18,3.4300540193038627,-12.480595849897842,41.817093999289945
2021-07-19,3.343794131228088,-14.180225433407966,41.98610743202165
2021-07-20,4.154721582476971,-14.124720800382804,43.81621291023296
2021-07-21,2.8542314555134016,-13.9239701468776,44.97286186319478
2021-07-22,2.262214055701892,-13.471565437346719,44.74612111364943
2021-07-23,0.9129720386315232,-13.117358591084296,42.84128987925156
2021-07-24,0.625588309989161,-12.459347270147536,44.00396439510387
2021-07-25,1.1093095028462685,-10.746590721261233,43.92754827629682
2021-07-26,1.5568651060540022,-12.508827914882112,44.32010549693215
2021-07-27,3.8268968184962864,-13.665882350408356,44.46255912443823
2021-07-28,4.025499997317069,-13.886715826909207,45.369411341244735
2021-07-29,4.690824669347228,-13.736797642367192,44.92176213099038
2021-07-30,4.509531502993912,-12.578118985976134,44.074019556760135
2021-07-31,4.142533255174582,-12.085490810532802,43.9975163661099
2021-08-01,4.118338164460036,-12.582875645775722,44.749265879261785
2021-08-02,3.435090334099822,-11.791652638199261,44.4164769056819
2021-08-03,3.351308228910158,-11.688873532529882,45.51270739451979
2021-08-04,4.801569941490014,-9.44623251019734,46.55223742109482
2021-08-05,4.572352009573559,-7.413537468749386,47.250865506963805
2021-08-06,5.028276192635007,-6.997593325762546,47.2823327133875
2021-08-07,4.601007261862355,-7.186420618899877,47.25574478937888
2021-08-08,5.745798974172835,-5.775766698776055,47.996449224313025
2021-08-09,4.993946229541533,-5.626110879576295,47.2130200951386
2021-08-10,4.239630812266009,-8.11621595737142,47.583281960395155
2021-08-11,4.685790323249545,-11.087685860644328,45.640505663855926
2021-08-12,4.0569083696321755,-11.728663385789346,42.8664753693424
2021-08-13,2.0076955400765106,-12.152244602012264,42.09623757999531
2021-08-14,-0.1789131434024327,-11.174570705093227,41.197732620610644
2021-08-15,0.2647198026088156,-9.89567034131157,40.990544855215354
2021-08-16,0.1488874374689054,-9.004125114486213,40.71813675976992
2021-08-17,4.730477707549571,-7.299474868533844,43.44792466508356
2021-08-18,4.852632540459266,-8.232144447001732,47.264707365845695
2021-08-19,10.328343119922149,-5.680452116379746,49.632875712283
2021-08-20,8.690287701053231,-5.848064233170659,48.300466523197514
2021-08-21,10.22175166114323,-4.949550726437274,49.72766203232619
2021-08-22,12.232885225797759,-4.0310835336335336,49.73721872531471
2021-08-23,7.792640122379121,-5.493060953189737,52.78199034776495
2021-08-24,8.088087624465286,-6.73092945792507,54.349333442729666
2021-08-25,5.4310410936290445,-7.091896866539724,52.93566024765328
2021-08-26,1.9922295527704774,-7.366283652133457,49.41032278078285
2021-08-27,3.526145931338032,-9.09253409319413,48.89209060628711
2021-08-28,5.8793821854053725,-9.025495022022502,53.365484998265885
2021-08-29,3.4879564070822315,-9.39783709433067,50.030026077377784
2021-08-30,-1.8994640456409684,-12.23933176107894,45.06985926600677
2021-08-31,-1.4989646764913946,-12.415140288650504,43.15297121009135
2021-09-01,-2.791886966057681,-13.73709357726726,41.86726415993213
2021-09-02,2.6556872904080775,-12.993749086415546,46.9091654888752
2021-09-03,-0.6800519229750939,-15.487627292677292,45.95876882542115
2021-09-04,-0.491466721720187,-16.341001495943598,46.23046604477404
2021-09-05,-0.34367242781048185,-16.85561175171738,43.63049693068785
2021-09-06,1.4731259715965523,-16.462103651708254,45.856924625172965
2021-09-07,1.8352844268990134,-15.835151506902065,43.008240943850126
2021-09-08,7.538542623926558,-11.422214428866987,45.679656118891394
2021-09-09,10.200053549727226,-10.610097452004597,54.51735101720466
2021-09-10,10.831814998558617,-8.67856644892835,57.174541737521864
2021-09-11,6.36115417063909,-8.624126143234323,54.72601858410832
2021-09-12,5.292128956478024,-8.213203164555472,55.768009868832344
2021-09-13,8.278273389093567,-5.445156978208226,57.54280115000357
2021-09-14,9.868091806462084,-4.69411108062993,58.103244587166145
2021-09-15,9.94220555041605,-5.289642206384276,57.77607944559099
2021-09-16,9.552671389099508,-3.0686689283409954,58.26778769283378
2021-09-17,10.088353652022452,-0.6116331136003565,57.65206071586327
2021-09-18,11.105317205441779,2.465660162092495,58.33844710258771
2021-09-19,10.762680860399874,0.48493845994954166,56.75797925855423
2021-09-20,13.446296737530805,0.1451718933086404,57.64769252573684
2021-09-21,14.524026492328922,-0.730505051195838,58.5913849856255
2021-09-22,13.775221236679965,-1.1164677779359136,58.25680638647562
2021-09-23,13.852220883074326,-0.4188239826747273,58.92099418622338
2021-09-24,13.103447366999108,0.7997676371422264,59.59001715665412
2021-09-25,14.471461716479034,2.214373209113659,59.750046310692596
2021-09-26,15.833459852004136,2.194780403540051,61.35551556477534
